raw_series,selection_class,registry_tcode,embedded_tcodes_seen,n_vintages_checked,n_vintages_hard_fail,n_vintages_with_flags,min_transformed_n_valid,median_transformed_n_valid,min_transformed_observed_fraction,median_transformed_observed_fraction,min_transformed_std,median_transformed_std,min_transformed_n_unique,n_zero_variance_vintages,n_near_zero_variance_vintages,n_vintages_with_nonpositive_log_input,n_vintages_with_zero_ratio_input,total_unexpected_transform_missing,total_unexpected_transform_value,total_inf_after_transform,n_vintages_short_pre_evaluation_history,stage2_hard_fail,stage2_status,hard_failure_reasons,stage2_flags,rank_low_min_transformed_n_valid,rank_low_min_transformed_observed_fraction,rank_low_min_transformed_std
AAA,ordinary_stable,2,2,198,0,0,611,709.5,0.9983660131,0.9985925398,0.2168450415,0.2197820892,187,0,0,0,0,0,0,0,0,False,pass,,,43,89,82
AAAFFM,ordinary_stable,1,1,198,0,0,612,710.5,1,1,1.881726028,1.949712441,408,0,0,0,0,0,0,0,0,False,pass,,,98,106,111
AMDMNOx,reviewed_stable_keep,5,5,198,0,0,391,708.5,0.4955640051,0.99856836,0.03527691064,0.0381076596,391,0,0,0,0,0,0,0,0,False,pass,,,2,2,68
AMDMUOx,reviewed_stable_keep,5,5,198,0,0,392,708.5,0.4968314322,0.99856836,0.009515250147,0.01061844926,392,0,0,0,0,0,0,0,0,False,pass,,,3,3,46
AWHMAN,ordinary_stable,1,1,198,0,0,612,710.5,0.9987515605,1,0.6404615136,0.7205794223,34,0,0,0,0,0,0,0,0,False,pass,,,98,105,103
AWOTMAN,ordinary_stable,2,2,198,0,0,611,709.5,0.9975031211,0.9985885667,0.1354227636,0.1391022321,27,0,0,0,0,0,0,0,0,False,pass,,,43,75,79
BAA,ordinary_stable,2,2,198,0,0,611,709.5,0.9983660131,0.9985925398,0.2102348265,0.2139478146,198,0,0,0,0,0,0,0,0,False,pass,,,43,89,81
BAAFFM,ordinary_stable,1,1,198,0,0,612,710.5,1,1,1.983441947,2.058014332,405,0,0,0,0,0,0,0,0,False,pass,,,98,106,112
BUSINVx,ordinary_stable,5,5,198,0,0,610,708.5,0.9958333333,0.9971530235,0.005736210618,0.005927787588,609,0,0,0,0,0,0,0,0,False,pass,,,17,27,32
BUSLOANS,ordinary_stable,6,6,198,0,0,610,708.5,0.9967320261,0.9971850795,0.006271168416,0.006513328584,609,0,0,0,0,0,0,0,0,False,pass,,,17,69,34
CE16OV,ordinary_stable,5,5,198,0,0,611,709.5,0.99626401,0.9985744825,0.00301095427,0.003153450395,610,0,0,0,0,0,0,0,0,False,pass,,,43,54,18
CES0600000007,ordinary_stable,1,1,198,0,0,612,710.5,0.9985228951,1,0.5585498261,0.6339100165,31,0,0,0,0,0,0,0,0,False,pass,,,98,103,102
CES0600000008,ordinary_stable,6,6,198,0,0,610,708.5,0.9962546816,0.9971771334,0.003898513707,0.004013376883,598,0,0,0,0,0,0,0,0,False,pass,,,17,37,21
CES1021000001,ordinary_stable,5,5,198,0,0,611,709.5,0.9975031211,0.9985885667,0.01783163269,0.01834417577,607,0,0,0,0,0,0,0,0,False,pass,,,43,75,58
CES2000000008,ordinary_stable,6,6,198,0,0,610,708.5,0.9962546816,0.9971771334,0.008768875325,0.009088718761,608,0,0,0,0,0,0,0,0,False,pass,,,17,37,43
CES3000000008,ordinary_stable,6,6,198,0,0,610,708.5,0.9962546816,0.9971771334,0.004696016938,0.004786309464,595,0,0,0,0,0,0,0,0,False,pass,,,17,37,26
CLAIMSx,ordinary_stable,5,5,198,0,0,611,709.5,0.9983660131,0.9985925398,0.04933966399,0.05041566021,573,0,0,0,0,0,0,0,0,False,pass,,,43,89,70
CLF16OV,ordinary_stable,5,5,198,0,0,611,709.5,0.99626401,0.9985744825,0.002678284582,0.002750090098,611,0,0,0,0,0,0,0,0,False,pass,,,43,54,11
CMRMTSPLx,reviewed_stable_keep,5,5,198,0,0,315,708.5,0.4639175258,0.9971243695,0.01096992951,0.01153293561,315,0,0,0,0,0,0,0,0,False,pass,,,1,1,50
COMPAPFFx,ordinary_stable,1,1,198,0,0,612,710.5,0.9986413043,1,0.4221863649,0.4424488172,191,0,0,0,0,0,0,0,0,False,pass,,,98,104,98
CONSPI,ordinary_stable,2,2,198,0,0,610,708.5,0.9958391123,0.9971691422,0.0009426678643,0.001038190367,610,0,0,0,0,0,0,0,0,False,pass,,,17,31,1
CP3Mx,ordinary_stable,2,2,198,0,0,611,709.5,0.9959294437,0.9984289071,0.4734628043,0.5006323975,280,0,0,0,0,0,0,0,0,False,pass,,,43,36,99
CPIAPPSL,ordinary_stable,6,6,198,0,0,610,708.5,0.9937810945,0.9971530235,0.005046311612,0.005283237165,583,0,0,0,0,0,0,0,0,False,pass,,,17,13,27
CPIAUCSL,ordinary_stable,6,6,198,0,0,610,708.5,0.9937810945,0.9971530235,0.002671285321,0.002721355828,605,0,0,0,0,0,0,0,0,False,pass,,,17,13,10
CPIMEDSL,ordinary_stable,6,6,198,0,0,610,708.5,0.9937810945,0.9971530235,0.002734618211,0.002755060125,601,0,0,0,0,0,0,0,0,False,pass,,,17,13,12
CPITRNSL,ordinary_stable,6,6,198,0,0,610,708.5,0.9937810945,0.9971530235,0.01043095201,0.01105418533,571,0,0,0,0,0,0,0,0,False,pass,,,17,13,47
CPIULFSL,ordinary_stable,6,6,198,0,0,610,708.5,0.9937810945,0.9971530235,0.002913321164,0.002970718315,574,0,0,0,0,0,0,0,0,False,pass,,,17,13,14
CUMFNS,ordinary_stable,2,2,198,0,0,611,709.5,0.9962593516,0.9985885667,0.6848125083,0.7208620725,608,0,0,0,0,0,0,0,0,False,pass,,,43,40,104
CUSR0000SA0L5,ordinary_stable,6,6,198,0,0,610,708.5,0.9937810945,0.9971530235,0.002926835731,0.002980427141,573,0,0,0,0,0,0,0,0,False,pass,,,17,13,15
CUSR0000SAC,ordinary_stable,6,6,198,0,0,610,708.5,0.9937810945,0.9971530235,0.00515846383,0.005312865575,559,0,0,0,0,0,0,0,0,False,pass,,,17,13,28
CUSR0000SAS,ordinary_stable,6,6,198,0,0,610,708.5,0.9937810945,0.9971530235,0.002491080399,0.00258594357,597,0,0,0,0,0,0,0,0,False,pass,,,17,13,9
DDURRG3M086SBEA,ordinary_stable,6,6,198,0,0,609,708.5,0.9944521498,0.9971202289,0.003036656239,0.003108281005,609,0,0,0,0,0,0,0,0,False,pass,,,12,21,19
DMANEMP,ordinary_stable,5,5,198,0,0,611,709.5,0.9975031211,0.9985885667,0.006318517925,0.006749878504,604,0,0,0,0,0,0,0,0,False,pass,,,43,75,35
DNDGRG3M086SBEA,ordinary_stable,6,6,198,0,0,609,708.5,0.9944521498,0.9971202289,0.005921493409,0.006056957022,609,0,0,0,0,0,0,0,0,False,pass,,,12,21,33
DPCERA3M086SBEA,ordinary_stable,5,5,198,0,0,610,709.5,0.9958391123,0.9985601144,0.005159193606,0.005468765857,610,0,0,0,0,0,0,0,0,False,pass,,,17,31,29
DSERRG3M086SBEA,ordinary_stable,6,6,198,0,0,609,708.5,0.9944521498,0.9971202289,0.001562054629,0.001591079216,609,0,0,0,0,0,0,0,0,False,pass,,,12,21,2
DTCOLNVHFNM,ordinary_stable,6,6,198,0,0,608,707.5,0.9934640523,0.9957776193,0.02193302192,0.02429261103,608,0,0,0,0,0,0,0,0,False,pass,,,10,11,61
DTCTHFNM,ordinary_stable,6,6,198,0,0,608,707.5,0.9934640523,0.9957776193,0.01165176196,0.01972403878,608,0,0,0,0,0,0,0,0,False,pass,,,10,11,52
EXCAUSx,ordinary_stable,5,5,198,0,0,611,709.5,0.9983660131,0.9985925398,0.01236795573,0.01323117742,602,0,0,0,0,0,0,0,0,False,pass,,,43,89,55
EXJPUSx,ordinary_stable,5,5,198,0,0,611,709.5,0.9983660131,0.9985925398,0.02314726502,0.02359506953,588,0,0,0,0,0,0,0,0,False,pass,,,43,89,63
EXSZUSx,ordinary_stable,5,5,198,0,0,611,709.5,0.9983660131,0.9985925398,0.02419272249,0.02506672426,607,0,0,0,0,0,0,0,0,False,pass,,,43,89,64
EXUSUKx,ordinary_stable,5,5,198,0,0,611,709.5,0.9983660131,0.9985925398,0.02113660792,0.02146880218,610,0,0,0,0,0,0,0,0,False,pass,,,43,89,60
FEDFUNDS,ordinary_stable,2,2,198,0,0,611,709.5,0.9983660131,0.9985925398,0.4900849381,0.5174326282,277,0,0,0,0,0,0,0,0,False,pass,,,43,89,100
GS1,ordinary_stable,2,2,198,0,0,611,709.5,0.9983660131,0.9985925398,0.3999871148,0.4189830841,287,0,0,0,0,0,0,0,0,False,pass,,,43,89,96
GS10,ordinary_stable,2,2,198,0,0,611,709.5,0.9983660131,0.9985925398,0.2700122341,0.2774968737,241,0,0,0,0,0,0,0,0,False,pass,,,43,89,84
GS5,ordinary_stable,2,2,198,0,0,611,709.5,0.9983660131,0.9985925398,0.3112768652,0.3218109303,251,0,0,0,0,0,0,0,0,False,pass,,,43,89,87
HOUST,ordinary_stable,4,4,198,0,0,612,710.5,0.99626401,1,0.2620257639,0.3094020786,477,0,0,0,0,0,0,0,0,False,pass,,,98,54,83
HOUSTMW,ordinary_stable,4,4,198,0,0,612,710.5,0.99626401,1,0.3341403273,0.4145329221,280,0,0,0,0,0,0,0,0,False,pass,,,98,54,89
HOUSTNE,ordinary_stable,4,4,198,0,0,612,710.5,0.99626401,1,0.3640934575,0.415259392,225,0,0,0,0,0,0,0,0,False,pass,,,98,54,94
HOUSTS,ordinary_stable,4,4,198,0,0,612,710.5,0.99626401,1,0.2808029742,0.3004431946,398,0,0,0,0,0,0,0,0,False,pass,,,98,54,85
HOUSTW,ordinary_stable,4,4,198,0,0,612,710.5,0.99626401,1,0.3314328242,0.3754379194,330,0,0,0,0,0,0,0,0,False,pass,,,98,54,88
INDPRO,ordinary_stable,5,5,198,0,0,611,709.5,0.9962593516,0.9985885667,0.007986258931,0.008323417606,610,0,0,0,0,0,0,0,0,False,pass,,,43,40,41
INVEST,ordinary_stable,6,6,198,0,0,610,708.5,0.9967320261,0.9971850795,0.01075334507,0.01088851065,608,0,0,0,0,0,0,0,0,False,pass,,,17,69,49
IPB51222S,ordinary_stable,5,5,198,0,0,611,709.5,0.9962593516,0.9985885667,0.03062107197,0.0335857491,609,0,0,0,0,0,0,0,0,False,pass,,,43,40,65
IPBUSEQ,ordinary_stable,5,5,198,0,0,611,709.5,0.9962593516,0.9985885667,0.01195385745,0.01227033195,609,0,0,0,0,0,0,0,0,False,pass,,,43,40,54
IPCONGD,ordinary_stable,5,5,198,0,0,611,709.5,0.9962593516,0.9985885667,0.008752706618,0.009038037168,608,0,0,0,0,0,0,0,0,False,pass,,,43,40,42
IPDCONGD,ordinary_stable,5,5,198,0,0,611,709.5,0.9962593516,0.9985885667,0.02251381761,0.02325022521,610,0,0,0,0,0,0,0,0,False,pass,,,43,40,62
IPDMAT,ordinary_stable,5,5,198,0,0,611,709.5,0.9962593516,0.9985885667,0.01674325955,0.01767937986,611,0,0,0,0,0,0,0,0,False,pass,,,43,40,56
IPFINAL,ordinary_stable,5,5,198,0,0,611,709.5,0.9962593516,0.9985885667,0.007958060009,0.00812468957,608,0,0,0,0,0,0,0,0,False,pass,,,43,40,40
IPFPNSS,ordinary_stable,5,5,198,0,0,611,709.5,0.9962593516,0.9985885667,0.007315086574,0.007495564194,605,0,0,0,0,0,0,0,0,False,pass,,,43,40,38
IPFUELS,ordinary_stable,5,5,198,0,0,611,709.5,0.9962593516,0.9985885667,0.01933531082,0.02019796641,609,0,0,0,0,0,0,0,0,False,pass,,,43,40,59
IPMANSICS,ordinary_stable,5,5,198,0,0,611,709.5,0.9962593516,0.9985885667,0.008821795795,0.009220792492,610,0,0,0,0,0,0,0,0,False,pass,,,43,40,44
IPMAT,ordinary_stable,5,5,198,0,0,611,709.5,0.9962593516,0.9985885667,0.01101790652,0.01160807982,610,0,0,0,0,0,0,0,0,False,pass,,,43,40,51
IPNCONGD,ordinary_stable,5,5,198,0,0,611,709.5,0.9962593516,0.9985885667,0.007256772872,0.007558115661,608,0,0,0,0,0,0,0,0,False,pass,,,43,40,37
IPNMAT,ordinary_stable,5,5,198,0,0,611,709.5,0.9962593516,0.9985885667,0.01055635496,0.01084827028,611,0,0,0,0,0,0,0,0,False,pass,,,43,40,48
ISRATIOx,ordinary_stable,2,2,198,0,0,610,708.5,0.9958333333,0.9971530235,0.01736267462,0.01817946673,47,0,0,0,0,0,0,0,0,False,pass,,,17,27,57
M1SL,ordinary_stable,6,6,198,0,0,610,708.5,0.9967320261,0.9971850795,0.007755516249,0.008812627699,610,0,0,0,0,0,0,0,0,False,pass,,,17,69,39
M2REAL,ordinary_stable,5,5,198,0,0,611,709.5,0.99626401,0.9985765117,0.004635611511,0.004802949926,611,0,0,0,0,0,0,0,0,False,pass,,,43,54,23
M2SL,ordinary_stable,6,6,198,0,0,610,708.5,0.9967320261,0.9971850795,0.003161426207,0.0033265712,610,0,0,0,0,0,0,0,0,False,pass,,,17,69,20
MANEMP,ordinary_stable,5,5,198,0,0,611,709.5,0.9975031211,0.9985885667,0.004592408771,0.00489685672,611,0,0,0,0,0,0,0,0,False,pass,,,43,75,22
NDMANEMP,ordinary_stable,5,5,198,0,0,611,709.5,0.9975031211,0.9985885667,0.002997105525,0.003150958295,597,0,0,0,0,0,0,0,0,False,pass,,,43,75,17
NONBORRES,ordinary_stable,7,7,198,0,0,610,708.5,0.9958333333,0.9971811121,0.9596165643,1.068986198,610,0,0,0,0,0,0,0,0,False,pass,,,17,27,108
NONREVSL,ordinary_stable,6,6,198,0,0,609,707.5,0.9944751381,0.9957716681,0.006744821859,0.007625739626,609,0,0,0,0,0,0,0,0,False,pass,,,12,25,36
OILPRICEx,ordinary_stable,6,6,198,0,0,610,708.5,0.9959128065,0.9971811121,0.09055259058,0.09250782845,388,0,0,0,0,0,0,0,0,False,pass,,,17,35,77
PAYEMS,ordinary_stable,5,5,198,0,0,611,709.5,0.9975031211,0.9985885667,0.002175528295,0.002326436907,611,0,0,0,0,0,0,0,0,False,pass,,,43,75,6
PCEPI,ordinary_stable,6,6,198,0,0,609,708.5,0.9944521498,0.9971243695,0.001874782705,0.001900673107,609,0,0,0,0,0,0,0,0,False,pass,,,12,21,4
PERMIT,ordinary_stable,4,4,198,0,0,600,698.5,0.9802130898,0.9829907781,0.2863157528,0.3083841835,481,0,0,0,0,0,0,0,0,False,pass,,,4,4,86
PERMITMW,ordinary_stable,4,4,198,0,0,600,698.5,0.9802130898,0.9829907781,0.3347597935,0.3797638935,253,0,0,0,0,0,0,0,0,False,pass,,,4,4,90
PERMITNE,ordinary_stable,4,4,198,0,0,600,698.5,0.9802130898,0.9829907781,0.3495082763,0.3856131706,218,0,0,0,0,0,0,0,0,False,pass,,,4,4,93
PERMITS,ordinary_stable,4,4,198,0,0,600,698.5,0.9802130898,0.9829907781,0.3485150526,0.3565512939,418,0,0,0,0,0,0,0,0,False,pass,,,4,4,92
PERMITW,ordinary_stable,4,4,198,0,0,600,698.5,0.9802130898,0.9829907781,0.3438773629,0.3777483481,318,0,0,0,0,0,0,0,0,False,pass,,,4,4,91
PPICMM,ordinary_stable,6,6,198,0,0,610,708.5,0.99501868,0.9971731435,0.03067293936,0.03207172843,600,0,0,0,0,0,0,0,0,False,pass,,,17,26,66
REALLN,ordinary_stable,6,6,198,0,0,610,708.5,0.9967320261,0.9971850795,0.004673942654,0.004796126825,606,0,0,0,0,0,0,0,0,False,pass,,,17,69,25
RETAILx,ordinary_stable,5,5,198,0,0,611,709.5,0.9972222222,0.9985765117,0.01175918084,0.01239163771,611,0,0,0,0,0,0,0,0,False,pass,,,43,74,53
RPI,ordinary_stable,5,5,198,0,0,610,709.5,0.9958391123,0.9985601144,0.005183885135,0.005630409881,610,0,0,0,0,0,0,0,0,False,pass,,,17,31,30
S&P 500,ordinary_stable,5,5,198,0,0,611,709.5,0.9983660131,0.9985925398,0.03503947803,0.03581381116,610,0,0,0,0,0,0,0,0,False,pass,,,43,89,67
S&P PE ratio,ordinary_stable,5,5,198,0,0,606,706.5,0.99,0.9941219406,0.04084813304,0.04572728075,606,0,0,0,0,0,0,0,0,False,pass,,,9,10,69
S&P div yield,ordinary_stable,2,2,198,0,0,611,708.5,0.9897567222,0.9970082123,0.1149773038,0.1198007161,611,0,0,0,0,0,0,0,0,False,pass,,,43,9,78
SRVPRD,ordinary_stable,5,5,198,0,0,611,709.5,0.9975031211,0.9985885667,0.001717918842,0.0018230081,611,0,0,0,0,0,0,0,0,False,pass,,,43,75,3
T10YFFM,ordinary_stable,1,1,198,0,0,612,710.5,1,1,1.582105945,1.631955085,373,0,0,0,0,0,0,0,0,False,pass,,,98,106,110
T1YFFM,ordinary_stable,1,1,198,0,0,612,710.5,1,1,0.74855341,0.7771299099,244,0,0,0,0,0,0,0,0,False,pass,,,98,106,107
T5YFFM,ordinary_stable,1,1,198,0,0,612,710.5,1,1,1.317305632,1.354948523,349,0,0,0,0,0,0,0,0,False,pass,,,98,106,109
TB3MS,ordinary_stable,2,2,198,0,0,611,709.5,0.9983660131,0.9985925398,0.4060060342,0.4263138454,276,0,0,0,0,0,0,0,0,False,pass,,,43,89,97
TB3SMFFM,ordinary_stable,1,1,198,0,0,612,710.5,1,1,0.6865112457,0.7113283353,214,0,0,0,0,0,0,0,0,False,pass,,,98,106,105
TB6MS,ordinary_stable,2,2,198,0,0,611,709.5,0.9983660131,0.9985925398,0.3831383439,0.4015767469,273,0,0,0,0,0,0,0,0,False,pass,,,43,89,95
TB6SMFFM,ordinary_stable,1,1,198,0,0,612,710.5,1,1,0.7410156252,0.7704133684,234,0,0,0,0,0,0,0,0,False,pass,,,98,106,106
TOTRESNS,ordinary_stable,6,6,198,0,0,610,708.5,0.9958333333,0.9971811121,0.06203682593,0.06346289528,610,0,0,0,0,0,0,0,0,False,pass,,,17,27,74
UEMP15OV,ordinary_stable,5,5,198,0,0,611,709.5,0.99626401,0.9985744825,0.05213610531,0.05408938604,607,0,0,0,0,0,0,0,0,False,pass,,,43,54,71
UEMP15T26,ordinary_stable,5,5,198,0,0,611,709.5,0.99626401,0.9985744825,0.0767228663,0.07774911457,606,0,0,0,0,0,0,0,0,False,pass,,,43,54,76
UEMP27OV,ordinary_stable,5,5,198,0,0,611,709.5,0.99626401,0.9985744825,0.06980903412,0.07225966326,607,0,0,0,0,0,0,0,0,False,pass,,,43,54,75
UEMP5TO14,ordinary_stable,5,5,198,0,0,611,709.5,0.99626401,0.9985744825,0.05470563252,0.05585290493,610,0,0,0,0,0,0,0,0,False,pass,,,43,54,73
UEMPLT5,ordinary_stable,5,5,198,0,0,611,709.5,0.99626401,0.9985744825,0.05333298846,0.0552858074,609,0,0,0,0,0,0,0,0,False,pass,,,43,54,72
UEMPMEAN,ordinary_stable,2,2,198,0,0,611,709.5,0.99626401,0.9985744825,0.513694378,0.5929415413,75,0,0,0,0,0,0,0,0,False,pass,,,43,54,101
UNRATE,ordinary_stable,2,2,198,0,0,611,709.5,0.99626401,0.9985744825,0.1780655236,0.1831661253,36,0,0,0,0,0,0,0,0,False,pass,,,43,54,80
USCONS,ordinary_stable,5,5,198,0,0,611,709.5,0.9975031211,0.9985885667,0.008993131587,0.00954919677,605,0,0,0,0,0,0,0,0,False,pass,,,43,75,45
USFIRE,ordinary_stable,5,5,198,0,0,611,709.5,0.9975031211,0.9985885667,0.001921800531,0.002026897729,603,0,0,0,0,0,0,0,0,False,pass,,,43,75,5
USGOOD,ordinary_stable,5,5,198,0,0,611,709.5,0.9975031211,0.9985885667,0.004644535871,0.004921975875,609,0,0,0,0,0,0,0,0,False,pass,,,43,75,24
USGOVT,ordinary_stable,5,5,198,0,0,611,709.5,0.9975031211,0.9985885667,0.0027884609,0.002953818279,606,0,0,0,0,0,0,0,0,False,pass,,,43,75,13
USTPU,ordinary_stable,5,5,198,0,0,611,709.5,0.9975031211,0.9985885667,0.00238651274,0.002508301993,610,0,0,0,0,0,0,0,0,False,pass,,,43,75,7
USTRADE,ordinary_stable,5,5,198,0,0,611,709.5,0.9975031211,0.9985885667,0.002953447643,0.003061955028,611,0,0,0,0,0,0,0,0,False,pass,,,43,75,16
USWTRADE,ordinary_stable,5,5,198,0,0,611,709.5,0.9975031211,0.9985885667,0.00245271714,0.002564867007,610,0,0,0,0,0,0,0,0,False,pass,,,43,75,8
W875RX1,ordinary_stable,5,5,198,0,0,610,709.5,0.9958391123,0.9985601144,0.005466402441,0.005842391318,610,0,0,0,0,0,0,0,0,False,pass,,,17,31,31
