canonical_id,source_order,source_series,expected_tcode,active_from_vintage,active_to_vintage,mapping_action,relationship_type,equivalence_level,documented_change_vintage,source_origin,notes
AAA,1,AAA,2,2010-01,2026-06,direct,unreviewed,,,rt_stable,
AAAFFM,1,AAAFFM,1,2010-01,2026-06,direct,unreviewed,,,rt_stable,
AMDMNOx,1,AMDMNOx,5,2010-01,2026-06,direct,unchanged,not_applicable,2001-04,rt_stable,FRED-MD adjusted series for manufacturers' new orders of durable goods. McCracken and Ng document a splice of the historical SIC AMDMNO series with the NAICS DGORDER series. Historical-vintage documentation records a switch from the SIC+NAICS splice to SIC-only moving backward from 2001-04; units remain the same. Minor 2014-12 historical-vintage differences are attributed to compounded rounding in the constructed series. Retain the values exactly as supplied in each FRED-MD vintage and preserve genuine missingness.
AMDMUOx,1,AMDMUOx,5,2010-01,2026-06,direct,unchanged,not_applicable,2001-04,rt_stable,"FRED-MD adjusted series for manufacturers' unfilled orders of durable goods. McCracken and Ng document a splice of historical SIC and NAICS AMDMUO data. Historical-vintage documentation records a switch from the SIC+NAICS splice to SIC-only moving backward from 2001-04, with unchanged units. Minor 2014-12 differences reflect compounded rounding in construction. Retain the FRED-MD vintage values directly and preserve genuine missingness."
AWHMAN,1,AWHMAN,1,2010-01,2026-06,direct,unreviewed,,,rt_stable,
AWOTMAN,1,AWOTMAN,2,2010-01,2026-06,direct,unreviewed,,,rt_stable,
BAA,1,BAA,2,2010-01,2026-06,direct,unreviewed,,,rt_stable,
BAAFFM,1,BAAFFM,1,2010-01,2026-06,direct,unreviewed,,,rt_stable,
BUSINVx,1,BUSINVx,5,2010-01,2026-06,direct,unreviewed,,,rt_stable,
BUSLOANS,1,BUSLOANS,6,2010-01,2026-06,direct,unreviewed,,,rt_stable,
CE16OV,1,CE16OV,5,2010-01,2026-06,direct,unreviewed,,,rt_stable,
CES0600000007,1,CES0600000007,1,2010-01,2026-06,direct,unreviewed,,,rt_stable,
CES0600000008,1,CES0600000008,6,2010-01,2026-06,direct,unreviewed,,,rt_stable,
CES1021000001,1,CES1021000001,5,2010-01,2026-06,direct,unreviewed,,,rt_stable,
CES2000000008,1,CES2000000008,6,2010-01,2026-06,direct,unreviewed,,,rt_stable,
CES3000000008,1,CES3000000008,6,2010-01,2026-06,direct,unreviewed,,,rt_stable,
CLAIMSx,1,CLAIMSx,5,2010-01,2026-06,direct,unreviewed,,,rt_stable,
CLF16OV,1,CLF16OV,5,2010-01,2026-06,direct,unreviewed,,,rt_stable,
CMRMTSPLx,1,CMRMTSPLx,5,2010-01,2026-06,direct,unchanged,not_applicable,2001-08,rt_stable,"FRED-MD constructed/spliced real manufacturing and trade sales series. McCracken and Ng document adjustment of the historical M0602BUSM144NNBR series for inflation, seasonal adjustment, and splicing to the NAICS CMRMTSPL series. Historical-vintage documentation records changes in splice construction and chain-dollar units. The audit finds one exceptional 2015-08 vintage with an internal gap from 1967-01 through 1996-12; independent source re-extraction confirmed that the gap is present in the source vintage. Retain the series and preserve genuine vintage-specific NaNs; do not fill them using another vintage."
COMPAPFFx,1,COMPAPFFx,1,2010-01,2026-06,direct,unreviewed,,,rt_stable,
CONSPI,1,CONSPI,2,2010-01,2026-06,direct,unreviewed,,,rt_stable,
CP3Mx,1,CP3Mx,2,2010-01,2026-06,direct,unreviewed,,,rt_stable,
CPIAPPSL,1,CPIAPPSL,6,2010-01,2026-06,direct,unreviewed,,,rt_stable,
CPIAUCSL,1,CPIAUCSL,6,2010-01,2026-06,direct,unreviewed,,,rt_stable,
CPIMEDSL,1,CPIMEDSL,6,2010-01,2026-06,direct,unreviewed,,,rt_stable,
CPITRNSL,1,CPITRNSL,6,2010-01,2026-06,direct,unreviewed,,,rt_stable,
CPIULFSL,1,CPIULFSL,6,2010-01,2026-06,direct,unreviewed,,,rt_stable,
CUMFNS,1,CUMFNS,2,2010-01,2026-06,direct,unreviewed,,,rt_stable,
CUSR0000SA0L5,1,CUSR0000SA0L5,6,2010-01,2026-06,direct,unreviewed,,,rt_stable,
CUSR0000SAC,1,CUSR0000SAC,6,2010-01,2026-06,direct,unreviewed,,,rt_stable,
CUSR0000SAS,1,CUSR0000SAS,6,2010-01,2026-06,direct,unreviewed,,,rt_stable,
DDURRG3M086SBEA,1,DDURRG3M086SBEA,6,2010-01,2026-06,direct,unreviewed,,,rt_stable,
DMANEMP,1,DMANEMP,5,2010-01,2026-06,direct,unreviewed,,,rt_stable,
DNDGRG3M086SBEA,1,DNDGRG3M086SBEA,6,2010-01,2026-06,direct,unreviewed,,,rt_stable,
DPCERA3M086SBEA,1,DPCERA3M086SBEA,5,2010-01,2026-06,direct,unreviewed,,,rt_stable,
DSERRG3M086SBEA,1,DSERRG3M086SBEA,6,2010-01,2026-06,direct,unreviewed,,,rt_stable,
DTCOLNVHFNM,1,DTCOLNVHFNM,6,2010-01,2026-06,direct,unreviewed,,,rt_stable,
DTCTHFNM,1,DTCTHFNM,6,2010-01,2026-06,direct,unreviewed,,,rt_stable,
EXCAUSx,1,EXCAUSx,5,2010-01,2026-06,direct,unreviewed,,,rt_stable,
EXJPUSx,1,EXJPUSx,5,2010-01,2026-06,direct,unreviewed,,,rt_stable,
EXSZUSx,1,EXSZUSx,5,2010-01,2026-06,direct,unreviewed,,,rt_stable,
EXUSUKx,1,EXUSUKx,5,2010-01,2026-06,direct,unreviewed,,,rt_stable,
FEDFUNDS,1,FEDFUNDS,2,2010-01,2026-06,direct,unreviewed,,,rt_stable,
GS1,1,GS1,2,2010-01,2026-06,direct,unreviewed,,,rt_stable,
GS10,1,GS10,2,2010-01,2026-06,direct,unreviewed,,,rt_stable,
GS5,1,GS5,2,2010-01,2026-06,direct,unreviewed,,,rt_stable,
HOUST,1,HOUST,4,2010-01,2026-06,direct,unreviewed,,,rt_stable,
HOUSTMW,1,HOUSTMW,4,2010-01,2026-06,direct,unreviewed,,,rt_stable,
HOUSTNE,1,HOUSTNE,4,2010-01,2026-06,direct,unreviewed,,,rt_stable,
HOUSTS,1,HOUSTS,4,2010-01,2026-06,direct,unreviewed,,,rt_stable,
HOUSTW,1,HOUSTW,4,2010-01,2026-06,direct,unreviewed,,,rt_stable,
INDPRO,1,INDPRO,5,2010-01,2026-06,direct,unreviewed,,,rt_stable,
INVEST,1,INVEST,6,2010-01,2026-06,direct,unreviewed,,,rt_stable,
IPB51222S,1,IPB51222S,5,2010-01,2026-06,direct,unreviewed,,,rt_stable,
IPBUSEQ,1,IPBUSEQ,5,2010-01,2026-06,direct,unreviewed,,,rt_stable,
IPCONGD,1,IPCONGD,5,2010-01,2026-06,direct,unreviewed,,,rt_stable,
IPDCONGD,1,IPDCONGD,5,2010-01,2026-06,direct,unreviewed,,,rt_stable,
IPDMAT,1,IPDMAT,5,2010-01,2026-06,direct,unreviewed,,,rt_stable,
IPFINAL,1,IPFINAL,5,2010-01,2026-06,direct,unreviewed,,,rt_stable,
IPFPNSS,1,IPFPNSS,5,2010-01,2026-06,direct,unreviewed,,,rt_stable,
IPFUELS,1,IPFUELS,5,2010-01,2026-06,direct,unreviewed,,,rt_stable,
IPMANSICS,1,IPMANSICS,5,2010-01,2026-06,direct,unreviewed,,,rt_stable,
IPMAT,1,IPMAT,5,2010-01,2026-06,direct,unreviewed,,,rt_stable,
IPNCONGD,1,IPNCONGD,5,2010-01,2026-06,direct,unreviewed,,,rt_stable,
IPNMAT,1,IPNMAT,5,2010-01,2026-06,direct,unreviewed,,,rt_stable,
ISRATIOx,1,ISRATIOx,2,2010-01,2026-06,direct,unreviewed,,,rt_stable,
M1SL,1,M1SL,6,2010-01,2026-06,direct,unreviewed,,,rt_stable,
M2REAL,1,M2REAL,5,2010-01,2026-06,direct,unreviewed,,,rt_stable,
M2SL,1,M2SL,6,2010-01,2026-06,direct,unreviewed,,,rt_stable,
MANEMP,1,MANEMP,5,2010-01,2026-06,direct,unreviewed,,,rt_stable,
MONETARY_BASE,1,AMBSL,6,2010-01,2019-12,switch_by_vintage,official_successor,non_exact,2020-01,registry_review,Official FRED-MD replacement. AMBSL is the St. Louis Adjusted Monetary Base and is seasonally adjusted. It was discontinued in December 2019. BOGMBASE is the Board of Governors Monetary Base: Total and is not seasonally adjusted. Treat as a documented but non-exact successor relationship; do not assume numerical equivalence across the 2020-01 transition.
MONETARY_BASE,2,BOGMBASE,6,2020-01,2026-06,switch_by_vintage,official_successor,non_exact,2020-01,registry_review,"Official FRED-MD successor to AMBSL beginning with the 2020-01 vintage. BOGMBASE is published by the Board of Governors and is not seasonally adjusted, unlike AMBSL. Use the common MONETARY_BASE canonical concept with an explicit methodological break at the transition."
NDMANEMP,1,NDMANEMP,5,2010-01,2026-06,direct,unreviewed,,,rt_stable,
NONBORRES,1,NONBORRES,7,2010-01,2026-06,direct,unreviewed,,,rt_stable,
NONREVSL,1,NONREVSL,6,2010-01,2026-06,direct,unreviewed,,,rt_stable,
OILPRICEx,1,OILPRICEx,6,2010-01,2026-06,direct,unreviewed,,,rt_stable,
PAYEMS,1,PAYEMS,5,2010-01,2026-06,direct,unreviewed,,,rt_stable,
PCEPI,1,PCEPI,6,2010-01,2026-06,direct,unreviewed,,,rt_stable,
PERMIT,1,PERMIT,4,2010-01,2026-06,direct,unreviewed,,,rt_stable,
PERMITMW,1,PERMITMW,4,2010-01,2026-06,direct,unreviewed,,,rt_stable,
PERMITNE,1,PERMITNE,4,2010-01,2026-06,direct,unreviewed,,,rt_stable,
PERMITS,1,PERMITS,4,2010-01,2026-06,direct,unreviewed,,,rt_stable,
PERMITW,1,PERMITW,4,2010-01,2026-06,direct,unreviewed,,,rt_stable,
PPICMM,1,PPICMM,6,2010-01,2026-06,direct,unreviewed,,,rt_stable,
PPI_FINISHED_CONSUMER_GOODS,1,PPIFCG,6,2010-01,2016-02,switch_by_vintage,official_successor,non_exact,2016-03,registry_review,Old SOP finished-consumer-goods PPI. FRED and FRED-MD identify WPSFD49502 as the replacement. Non-exact SOP to FD-ID methodological transition.
PPI_FINISHED_CONSUMER_GOODS,2,WPSFD49502,6,2016-03,2026-06,switch_by_vintage,official_successor,non_exact,2016-03,registry_review,FD-ID personal-consumption-goods replacement for PPIFCG. Treat canonical continuity as documented but non-exact.
PPI_FINISHED_GOODS,1,PPIFGS,6,2010-01,2016-02,switch_by_vintage,official_successor,non_exact,2016-03,registry_review,Old BLS Stage of Processing finished-goods PPI. FRED and FRED-MD explicitly identify WPSFD49207 as its replacement. Treat as non-exact because BLS changed from SOP to FD-ID aggregation.
PPI_FINISHED_GOODS,2,WPSFD49207,6,2016-03,2026-06,switch_by_vintage,official_successor,non_exact,2016-03,registry_review,"FD-ID replacement for PPIFGS. Monthly, seasonally adjusted, 1982=100. Canonical continuity is documented but non-exact because the BLS aggregation methodology changed."
PPI_PROCESSED_INTERMEDIATE_GOODS,1,PPIITM,6,2010-01,2016-02,switch_by_vintage,official_successor,non_exact,2016-03,registry_review,Old SOP intermediate-materials PPI. FRED and FRED-MD identify WPSID61 as its replacement. Non-exact SOP to FD-ID methodological transition.
PPI_PROCESSED_INTERMEDIATE_GOODS,2,WPSID61,6,2016-03,2026-06,switch_by_vintage,official_successor,non_exact,2016-03,registry_review,FD-ID processed-goods-for-intermediate-demand replacement for PPIITM. Canonical continuity is non-exact.
PPI_UNPROCESSED_INTERMEDIATE_GOODS,1,PPICRM,6,2010-01,2016-02,switch_by_vintage,official_successor,non_exact,2016-03,registry_review,Old SOP crude-materials-for-further-processing PPI. FRED and FRED-MD identify WPSID62 as its replacement. Non-exact SOP to FD-ID methodological transition.
PPI_UNPROCESSED_INTERMEDIATE_GOODS,2,WPSID62,6,2016-03,2026-06,switch_by_vintage,official_successor,non_exact,2016-03,registry_review,FD-ID unprocessed-goods-for-intermediate-demand replacement for PPICRM. Canonical continuity is non-exact.
REALLN,1,REALLN,6,2010-01,2026-06,direct,unreviewed,,,rt_stable,
RETAILx,1,RETAILx,5,2010-01,2026-06,direct,unreviewed,,,rt_stable,
RPI,1,RPI,5,2010-01,2026-06,direct,unreviewed,,,rt_stable,
S&P 500,1,S&P 500,5,2010-01,2026-06,direct,unreviewed,,,rt_stable,
S&P PE ratio,1,S&P PE ratio,5,2010-01,2026-06,direct,unreviewed,,,rt_stable,
S&P div yield,1,S&P div yield,2,2010-01,2026-06,direct,unreviewed,,,rt_stable,
SRVPRD,1,SRVPRD,5,2010-01,2026-06,direct,unreviewed,,,rt_stable,
T10YFFM,1,T10YFFM,1,2010-01,2026-06,direct,unreviewed,,,rt_stable,
T1YFFM,1,T1YFFM,1,2010-01,2026-06,direct,unreviewed,,,rt_stable,
T5YFFM,1,T5YFFM,1,2010-01,2026-06,direct,unreviewed,,,rt_stable,
TB3MS,1,TB3MS,2,2010-01,2026-06,direct,unreviewed,,,rt_stable,
TB3SMFFM,1,TB3SMFFM,1,2010-01,2026-06,direct,unreviewed,,,rt_stable,
TB6MS,1,TB6MS,2,2010-01,2026-06,direct,unreviewed,,,rt_stable,
TB6SMFFM,1,TB6SMFFM,1,2010-01,2026-06,direct,unreviewed,,,rt_stable,
TOTRESNS,1,TOTRESNS,6,2010-01,2026-06,direct,unreviewed,,,rt_stable,
TRADE_WEIGHTED_USD_ADVANCED_ECONOMIES,1,TWEXMMTH,5,2010-01,2020-03,switch_by_vintage,official_successor,non_exact,2020-04,registry_review,Discontinued Nominal Major Currencies U.S. Dollar Index. FRED identifies TWEXAFEGSMTH as its suggested substitute. FRED-MD replaced it with the constructed TWEXAFEGSMTHx series beginning 2020-04.
TRADE_WEIGHTED_USD_ADVANCED_ECONOMIES,2,TWEXAFEGSMTHx,5,2020-04,2026-06,switch_by_vintage,official_successor,non_exact,2020-04,registry_review,FRED-MD constructed series obtained by splicing rebased TWEXMMTH and TWEXAFEGSMTH. The URL refers to the underlying FRED TWEXAFEGSMTH series; TWEXAFEGSMTHx itself is the FRED-MD constructed version.
UEMP15OV,1,UEMP15OV,5,2010-01,2026-06,direct,unreviewed,,,rt_stable,
UEMP15T26,1,UEMP15T26,5,2010-01,2026-06,direct,unreviewed,,,rt_stable,
UEMP27OV,1,UEMP27OV,5,2010-01,2026-06,direct,unreviewed,,,rt_stable,
UEMP5TO14,1,UEMP5TO14,5,2010-01,2026-06,direct,unreviewed,,,rt_stable,
UEMPLT5,1,UEMPLT5,5,2010-01,2026-06,direct,unreviewed,,,rt_stable,
UEMPMEAN,1,UEMPMEAN,2,2010-01,2026-06,direct,unreviewed,,,rt_stable,
UNRATE,1,UNRATE,2,2010-01,2026-06,direct,unreviewed,,,rt_stable,
USCONS,1,USCONS,5,2010-01,2026-06,direct,unreviewed,,,rt_stable,
USFIRE,1,USFIRE,5,2010-01,2026-06,direct,unreviewed,,,rt_stable,
USGOOD,1,USGOOD,5,2010-01,2026-06,direct,unreviewed,,,rt_stable,
USGOVT,1,USGOVT,5,2010-01,2026-06,direct,unreviewed,,,rt_stable,
USTPU,1,USTPU,5,2010-01,2026-06,direct,unreviewed,,,rt_stable,
USTRADE,1,USTRADE,5,2010-01,2026-06,direct,unreviewed,,,rt_stable,
USWTRADE,1,USWTRADE,5,2010-01,2026-06,direct,unreviewed,,,rt_stable,
W875RX1,1,W875RX1,5,2010-01,2026-06,direct,unreviewed,,,rt_stable,
