panel_position,canonical_id,mapping_type,n_source_segments,stable_window_start,stable_window_end,final_include,inclusion_reason,source_order,source_series,expected_tcode,active_from_vintage,active_to_vintage,mapping_action,relationship_type,equivalence_level,documented_change_vintage,source_origin,source_notes,transition_review_required,documentary_review_complete,review_decision,decision_rationale,decision_reviewer,decision_review_date
1,AAA,direct,1,2010-01,2026-06,True,inherited from frozen RT_STABLE specification,1,AAA,2,2010-01,2026-06,direct,unreviewed,,,rt_stable,,False,,,,,
2,AAAFFM,direct,1,2010-01,2026-06,True,inherited from frozen RT_STABLE specification,1,AAAFFM,1,2010-01,2026-06,direct,unreviewed,,,rt_stable,,False,,,,,
3,AMDMNOx,direct,1,2010-01,2026-06,True,inherited from frozen RT_STABLE specification,1,AMDMNOx,5,2010-01,2026-06,direct,unchanged,not_applicable,2001-04,rt_stable,FRED-MD adjusted series for manufacturers' new orders of durable goods. McCracken and Ng document a splice of the historical SIC AMDMNO series with the NAICS DGORDER series. Historical-vintage documentation records a switch from the SIC+NAICS splice to SIC-only moving backward from 2001-04; units remain the same. Minor 2014-12 historical-vintage differences are attributed to compounded rounding in the constructed series. Retain the values exactly as supplied in each FRED-MD vintage and preserve genuine missingness.,False,,,,,
4,AMDMUOx,direct,1,2010-01,2026-06,True,inherited from frozen RT_STABLE specification,1,AMDMUOx,5,2010-01,2026-06,direct,unchanged,not_applicable,2001-04,rt_stable,"FRED-MD adjusted series for manufacturers' unfilled orders of durable goods. McCracken and Ng document a splice of historical SIC and NAICS AMDMUO data. Historical-vintage documentation records a switch from the SIC+NAICS splice to SIC-only moving backward from 2001-04, with unchanged units. Minor 2014-12 differences reflect compounded rounding in construction. Retain the FRED-MD vintage values directly and preserve genuine missingness.",False,,,,,
5,AWHMAN,direct,1,2010-01,2026-06,True,inherited from frozen RT_STABLE specification,1,AWHMAN,1,2010-01,2026-06,direct,unreviewed,,,rt_stable,,False,,,,,
6,AWOTMAN,direct,1,2010-01,2026-06,True,inherited from frozen RT_STABLE specification,1,AWOTMAN,2,2010-01,2026-06,direct,unreviewed,,,rt_stable,,False,,,,,
7,BAA,direct,1,2010-01,2026-06,True,inherited from frozen RT_STABLE specification,1,BAA,2,2010-01,2026-06,direct,unreviewed,,,rt_stable,,False,,,,,
8,BAAFFM,direct,1,2010-01,2026-06,True,inherited from frozen RT_STABLE specification,1,BAAFFM,1,2010-01,2026-06,direct,unreviewed,,,rt_stable,,False,,,,,
9,BUSINVx,direct,1,2010-01,2026-06,True,inherited from frozen RT_STABLE specification,1,BUSINVx,5,2010-01,2026-06,direct,unreviewed,,,rt_stable,,False,,,,,
10,BUSLOANS,direct,1,2010-01,2026-06,True,inherited from frozen RT_STABLE specification,1,BUSLOANS,6,2010-01,2026-06,direct,unreviewed,,,rt_stable,,False,,,,,
11,CE16OV,direct,1,2010-01,2026-06,True,inherited from frozen RT_STABLE specification,1,CE16OV,5,2010-01,2026-06,direct,unreviewed,,,rt_stable,,False,,,,,
12,CES0600000007,direct,1,2010-01,2026-06,True,inherited from frozen RT_STABLE specification,1,CES0600000007,1,2010-01,2026-06,direct,unreviewed,,,rt_stable,,False,,,,,
13,CES0600000008,direct,1,2010-01,2026-06,True,inherited from frozen RT_STABLE specification,1,CES0600000008,6,2010-01,2026-06,direct,unreviewed,,,rt_stable,,False,,,,,
14,CES1021000001,direct,1,2010-01,2026-06,True,inherited from frozen RT_STABLE specification,1,CES1021000001,5,2010-01,2026-06,direct,unreviewed,,,rt_stable,,False,,,,,
15,CES2000000008,direct,1,2010-01,2026-06,True,inherited from frozen RT_STABLE specification,1,CES2000000008,6,2010-01,2026-06,direct,unreviewed,,,rt_stable,,False,,,,,
16,CES3000000008,direct,1,2010-01,2026-06,True,inherited from frozen RT_STABLE specification,1,CES3000000008,6,2010-01,2026-06,direct,unreviewed,,,rt_stable,,False,,,,,
17,CLAIMSx,direct,1,2010-01,2026-06,True,inherited from frozen RT_STABLE specification,1,CLAIMSx,5,2010-01,2026-06,direct,unreviewed,,,rt_stable,,False,,,,,
18,CLF16OV,direct,1,2010-01,2026-06,True,inherited from frozen RT_STABLE specification,1,CLF16OV,5,2010-01,2026-06,direct,unreviewed,,,rt_stable,,False,,,,,
19,CMRMTSPLx,direct,1,2010-01,2026-06,True,inherited from frozen RT_STABLE specification,1,CMRMTSPLx,5,2010-01,2026-06,direct,unchanged,not_applicable,2001-08,rt_stable,"FRED-MD constructed/spliced real manufacturing and trade sales series. McCracken and Ng document adjustment of the historical M0602BUSM144NNBR series for inflation, seasonal adjustment, and splicing to the NAICS CMRMTSPL series. Historical-vintage documentation records changes in splice construction and chain-dollar units. The audit finds one exceptional 2015-08 vintage with an internal gap from 1967-01 through 1996-12; independent source re-extraction confirmed that the gap is present in the source vintage. Retain the series and preserve genuine vintage-specific NaNs; do not fill them using another vintage.",False,,,,,
20,COMPAPFFx,direct,1,2010-01,2026-06,True,inherited from frozen RT_STABLE specification,1,COMPAPFFx,1,2010-01,2026-06,direct,unreviewed,,,rt_stable,,False,,,,,
21,CONSPI,direct,1,2010-01,2026-06,True,inherited from frozen RT_STABLE specification,1,CONSPI,2,2010-01,2026-06,direct,unreviewed,,,rt_stable,,False,,,,,
22,CP3Mx,direct,1,2010-01,2026-06,True,inherited from frozen RT_STABLE specification,1,CP3Mx,2,2010-01,2026-06,direct,unreviewed,,,rt_stable,,False,,,,,
23,CPIAPPSL,direct,1,2010-01,2026-06,True,inherited from frozen RT_STABLE specification,1,CPIAPPSL,6,2010-01,2026-06,direct,unreviewed,,,rt_stable,,False,,,,,
24,CPIAUCSL,direct,1,2010-01,2026-06,True,inherited from frozen RT_STABLE specification,1,CPIAUCSL,6,2010-01,2026-06,direct,unreviewed,,,rt_stable,,False,,,,,
25,CPIMEDSL,direct,1,2010-01,2026-06,True,inherited from frozen RT_STABLE specification,1,CPIMEDSL,6,2010-01,2026-06,direct,unreviewed,,,rt_stable,,False,,,,,
26,CPITRNSL,direct,1,2010-01,2026-06,True,inherited from frozen RT_STABLE specification,1,CPITRNSL,6,2010-01,2026-06,direct,unreviewed,,,rt_stable,,False,,,,,
27,CPIULFSL,direct,1,2010-01,2026-06,True,inherited from frozen RT_STABLE specification,1,CPIULFSL,6,2010-01,2026-06,direct,unreviewed,,,rt_stable,,False,,,,,
28,CUMFNS,direct,1,2010-01,2026-06,True,inherited from frozen RT_STABLE specification,1,CUMFNS,2,2010-01,2026-06,direct,unreviewed,,,rt_stable,,False,,,,,
29,CUSR0000SA0L5,direct,1,2010-01,2026-06,True,inherited from frozen RT_STABLE specification,1,CUSR0000SA0L5,6,2010-01,2026-06,direct,unreviewed,,,rt_stable,,False,,,,,
30,CUSR0000SAC,direct,1,2010-01,2026-06,True,inherited from frozen RT_STABLE specification,1,CUSR0000SAC,6,2010-01,2026-06,direct,unreviewed,,,rt_stable,,False,,,,,
31,CUSR0000SAS,direct,1,2010-01,2026-06,True,inherited from frozen RT_STABLE specification,1,CUSR0000SAS,6,2010-01,2026-06,direct,unreviewed,,,rt_stable,,False,,,,,
32,DDURRG3M086SBEA,direct,1,2010-01,2026-06,True,inherited from frozen RT_STABLE specification,1,DDURRG3M086SBEA,6,2010-01,2026-06,direct,unreviewed,,,rt_stable,,False,,,,,
33,DMANEMP,direct,1,2010-01,2026-06,True,inherited from frozen RT_STABLE specification,1,DMANEMP,5,2010-01,2026-06,direct,unreviewed,,,rt_stable,,False,,,,,
34,DNDGRG3M086SBEA,direct,1,2010-01,2026-06,True,inherited from frozen RT_STABLE specification,1,DNDGRG3M086SBEA,6,2010-01,2026-06,direct,unreviewed,,,rt_stable,,False,,,,,
35,DPCERA3M086SBEA,direct,1,2010-01,2026-06,True,inherited from frozen RT_STABLE specification,1,DPCERA3M086SBEA,5,2010-01,2026-06,direct,unreviewed,,,rt_stable,,False,,,,,
36,DSERRG3M086SBEA,direct,1,2010-01,2026-06,True,inherited from frozen RT_STABLE specification,1,DSERRG3M086SBEA,6,2010-01,2026-06,direct,unreviewed,,,rt_stable,,False,,,,,
37,DTCOLNVHFNM,direct,1,2010-01,2026-06,True,inherited from frozen RT_STABLE specification,1,DTCOLNVHFNM,6,2010-01,2026-06,direct,unreviewed,,,rt_stable,,False,,,,,
38,DTCTHFNM,direct,1,2010-01,2026-06,True,inherited from frozen RT_STABLE specification,1,DTCTHFNM,6,2010-01,2026-06,direct,unreviewed,,,rt_stable,,False,,,,,
39,EXCAUSx,direct,1,2010-01,2026-06,True,inherited from frozen RT_STABLE specification,1,EXCAUSx,5,2010-01,2026-06,direct,unreviewed,,,rt_stable,,False,,,,,
40,EXJPUSx,direct,1,2010-01,2026-06,True,inherited from frozen RT_STABLE specification,1,EXJPUSx,5,2010-01,2026-06,direct,unreviewed,,,rt_stable,,False,,,,,
41,EXSZUSx,direct,1,2010-01,2026-06,True,inherited from frozen RT_STABLE specification,1,EXSZUSx,5,2010-01,2026-06,direct,unreviewed,,,rt_stable,,False,,,,,
42,EXUSUKx,direct,1,2010-01,2026-06,True,inherited from frozen RT_STABLE specification,1,EXUSUKx,5,2010-01,2026-06,direct,unreviewed,,,rt_stable,,False,,,,,
43,FEDFUNDS,direct,1,2010-01,2026-06,True,inherited from frozen RT_STABLE specification,1,FEDFUNDS,2,2010-01,2026-06,direct,unreviewed,,,rt_stable,,False,,,,,
44,GS1,direct,1,2010-01,2026-06,True,inherited from frozen RT_STABLE specification,1,GS1,2,2010-01,2026-06,direct,unreviewed,,,rt_stable,,False,,,,,
45,GS10,direct,1,2010-01,2026-06,True,inherited from frozen RT_STABLE specification,1,GS10,2,2010-01,2026-06,direct,unreviewed,,,rt_stable,,False,,,,,
46,GS5,direct,1,2010-01,2026-06,True,inherited from frozen RT_STABLE specification,1,GS5,2,2010-01,2026-06,direct,unreviewed,,,rt_stable,,False,,,,,
47,HOUST,direct,1,2010-01,2026-06,True,inherited from frozen RT_STABLE specification,1,HOUST,4,2010-01,2026-06,direct,unreviewed,,,rt_stable,,False,,,,,
48,HOUSTMW,direct,1,2010-01,2026-06,True,inherited from frozen RT_STABLE specification,1,HOUSTMW,4,2010-01,2026-06,direct,unreviewed,,,rt_stable,,False,,,,,
49,HOUSTNE,direct,1,2010-01,2026-06,True,inherited from frozen RT_STABLE specification,1,HOUSTNE,4,2010-01,2026-06,direct,unreviewed,,,rt_stable,,False,,,,,
50,HOUSTS,direct,1,2010-01,2026-06,True,inherited from frozen RT_STABLE specification,1,HOUSTS,4,2010-01,2026-06,direct,unreviewed,,,rt_stable,,False,,,,,
51,HOUSTW,direct,1,2010-01,2026-06,True,inherited from frozen RT_STABLE specification,1,HOUSTW,4,2010-01,2026-06,direct,unreviewed,,,rt_stable,,False,,,,,
52,INDPRO,direct,1,2010-01,2026-06,True,inherited from frozen RT_STABLE specification,1,INDPRO,5,2010-01,2026-06,direct,unreviewed,,,rt_stable,,False,,,,,
53,INVEST,direct,1,2010-01,2026-06,True,inherited from frozen RT_STABLE specification,1,INVEST,6,2010-01,2026-06,direct,unreviewed,,,rt_stable,,False,,,,,
54,IPB51222S,direct,1,2010-01,2026-06,True,inherited from frozen RT_STABLE specification,1,IPB51222S,5,2010-01,2026-06,direct,unreviewed,,,rt_stable,,False,,,,,
55,IPBUSEQ,direct,1,2010-01,2026-06,True,inherited from frozen RT_STABLE specification,1,IPBUSEQ,5,2010-01,2026-06,direct,unreviewed,,,rt_stable,,False,,,,,
56,IPCONGD,direct,1,2010-01,2026-06,True,inherited from frozen RT_STABLE specification,1,IPCONGD,5,2010-01,2026-06,direct,unreviewed,,,rt_stable,,False,,,,,
57,IPDCONGD,direct,1,2010-01,2026-06,True,inherited from frozen RT_STABLE specification,1,IPDCONGD,5,2010-01,2026-06,direct,unreviewed,,,rt_stable,,False,,,,,
58,IPDMAT,direct,1,2010-01,2026-06,True,inherited from frozen RT_STABLE specification,1,IPDMAT,5,2010-01,2026-06,direct,unreviewed,,,rt_stable,,False,,,,,
59,IPFINAL,direct,1,2010-01,2026-06,True,inherited from frozen RT_STABLE specification,1,IPFINAL,5,2010-01,2026-06,direct,unreviewed,,,rt_stable,,False,,,,,
60,IPFPNSS,direct,1,2010-01,2026-06,True,inherited from frozen RT_STABLE specification,1,IPFPNSS,5,2010-01,2026-06,direct,unreviewed,,,rt_stable,,False,,,,,
61,IPFUELS,direct,1,2010-01,2026-06,True,inherited from frozen RT_STABLE specification,1,IPFUELS,5,2010-01,2026-06,direct,unreviewed,,,rt_stable,,False,,,,,
62,IPMANSICS,direct,1,2010-01,2026-06,True,inherited from frozen RT_STABLE specification,1,IPMANSICS,5,2010-01,2026-06,direct,unreviewed,,,rt_stable,,False,,,,,
63,IPMAT,direct,1,2010-01,2026-06,True,inherited from frozen RT_STABLE specification,1,IPMAT,5,2010-01,2026-06,direct,unreviewed,,,rt_stable,,False,,,,,
64,IPNCONGD,direct,1,2010-01,2026-06,True,inherited from frozen RT_STABLE specification,1,IPNCONGD,5,2010-01,2026-06,direct,unreviewed,,,rt_stable,,False,,,,,
65,IPNMAT,direct,1,2010-01,2026-06,True,inherited from frozen RT_STABLE specification,1,IPNMAT,5,2010-01,2026-06,direct,unreviewed,,,rt_stable,,False,,,,,
66,ISRATIOx,direct,1,2010-01,2026-06,True,inherited from frozen RT_STABLE specification,1,ISRATIOx,2,2010-01,2026-06,direct,unreviewed,,,rt_stable,,False,,,,,
67,M1SL,direct,1,2010-01,2026-06,True,inherited from frozen RT_STABLE specification,1,M1SL,6,2010-01,2026-06,direct,unreviewed,,,rt_stable,,False,,,,,
68,M2REAL,direct,1,2010-01,2026-06,True,inherited from frozen RT_STABLE specification,1,M2REAL,5,2010-01,2026-06,direct,unreviewed,,,rt_stable,,False,,,,,
69,M2SL,direct,1,2010-01,2026-06,True,inherited from frozen RT_STABLE specification,1,M2SL,6,2010-01,2026-06,direct,unreviewed,,,rt_stable,,False,,,,,
70,MANEMP,direct,1,2010-01,2026-06,True,inherited from frozen RT_STABLE specification,1,MANEMP,5,2010-01,2026-06,direct,unreviewed,,,rt_stable,,False,,,,,
71,NDMANEMP,direct,1,2010-01,2026-06,True,inherited from frozen RT_STABLE specification,1,NDMANEMP,5,2010-01,2026-06,direct,unreviewed,,,rt_stable,,False,,,,,
72,NONBORRES,direct,1,2010-01,2026-06,True,inherited from frozen RT_STABLE specification,1,NONBORRES,7,2010-01,2026-06,direct,unreviewed,,,rt_stable,,False,,,,,
73,NONREVSL,direct,1,2010-01,2026-06,True,inherited from frozen RT_STABLE specification,1,NONREVSL,6,2010-01,2026-06,direct,unreviewed,,,rt_stable,,False,,,,,
74,OILPRICEx,direct,1,2010-01,2026-06,True,inherited from frozen RT_STABLE specification,1,OILPRICEx,6,2010-01,2026-06,direct,unreviewed,,,rt_stable,,False,,,,,
75,PAYEMS,direct,1,2010-01,2026-06,True,inherited from frozen RT_STABLE specification,1,PAYEMS,5,2010-01,2026-06,direct,unreviewed,,,rt_stable,,False,,,,,
76,PCEPI,direct,1,2010-01,2026-06,True,inherited from frozen RT_STABLE specification,1,PCEPI,6,2010-01,2026-06,direct,unreviewed,,,rt_stable,,False,,,,,
77,PERMIT,direct,1,2010-01,2026-06,True,inherited from frozen RT_STABLE specification,1,PERMIT,4,2010-01,2026-06,direct,unreviewed,,,rt_stable,,False,,,,,
78,PERMITMW,direct,1,2010-01,2026-06,True,inherited from frozen RT_STABLE specification,1,PERMITMW,4,2010-01,2026-06,direct,unreviewed,,,rt_stable,,False,,,,,
79,PERMITNE,direct,1,2010-01,2026-06,True,inherited from frozen RT_STABLE specification,1,PERMITNE,4,2010-01,2026-06,direct,unreviewed,,,rt_stable,,False,,,,,
80,PERMITS,direct,1,2010-01,2026-06,True,inherited from frozen RT_STABLE specification,1,PERMITS,4,2010-01,2026-06,direct,unreviewed,,,rt_stable,,False,,,,,
81,PERMITW,direct,1,2010-01,2026-06,True,inherited from frozen RT_STABLE specification,1,PERMITW,4,2010-01,2026-06,direct,unreviewed,,,rt_stable,,False,,,,,
82,PPICMM,direct,1,2010-01,2026-06,True,inherited from frozen RT_STABLE specification,1,PPICMM,6,2010-01,2026-06,direct,unreviewed,,,rt_stable,,False,,,,,
83,REALLN,direct,1,2010-01,2026-06,True,inherited from frozen RT_STABLE specification,1,REALLN,6,2010-01,2026-06,direct,unreviewed,,,rt_stable,,False,,,,,
84,RETAILx,direct,1,2010-01,2026-06,True,inherited from frozen RT_STABLE specification,1,RETAILx,5,2010-01,2026-06,direct,unreviewed,,,rt_stable,,False,,,,,
85,RPI,direct,1,2010-01,2026-06,True,inherited from frozen RT_STABLE specification,1,RPI,5,2010-01,2026-06,direct,unreviewed,,,rt_stable,,False,,,,,
86,S&P 500,direct,1,2010-01,2026-06,True,inherited from frozen RT_STABLE specification,1,S&P 500,5,2010-01,2026-06,direct,unreviewed,,,rt_stable,,False,,,,,
87,S&P PE ratio,direct,1,2010-01,2026-06,True,inherited from frozen RT_STABLE specification,1,S&P PE ratio,5,2010-01,2026-06,direct,unreviewed,,,rt_stable,,False,,,,,
88,S&P div yield,direct,1,2010-01,2026-06,True,inherited from frozen RT_STABLE specification,1,S&P div yield,2,2010-01,2026-06,direct,unreviewed,,,rt_stable,,False,,,,,
89,SRVPRD,direct,1,2010-01,2026-06,True,inherited from frozen RT_STABLE specification,1,SRVPRD,5,2010-01,2026-06,direct,unreviewed,,,rt_stable,,False,,,,,
90,T10YFFM,direct,1,2010-01,2026-06,True,inherited from frozen RT_STABLE specification,1,T10YFFM,1,2010-01,2026-06,direct,unreviewed,,,rt_stable,,False,,,,,
91,T1YFFM,direct,1,2010-01,2026-06,True,inherited from frozen RT_STABLE specification,1,T1YFFM,1,2010-01,2026-06,direct,unreviewed,,,rt_stable,,False,,,,,
92,T5YFFM,direct,1,2010-01,2026-06,True,inherited from frozen RT_STABLE specification,1,T5YFFM,1,2010-01,2026-06,direct,unreviewed,,,rt_stable,,False,,,,,
93,TB3MS,direct,1,2010-01,2026-06,True,inherited from frozen RT_STABLE specification,1,TB3MS,2,2010-01,2026-06,direct,unreviewed,,,rt_stable,,False,,,,,
94,TB3SMFFM,direct,1,2010-01,2026-06,True,inherited from frozen RT_STABLE specification,1,TB3SMFFM,1,2010-01,2026-06,direct,unreviewed,,,rt_stable,,False,,,,,
95,TB6MS,direct,1,2010-01,2026-06,True,inherited from frozen RT_STABLE specification,1,TB6MS,2,2010-01,2026-06,direct,unreviewed,,,rt_stable,,False,,,,,
96,TB6SMFFM,direct,1,2010-01,2026-06,True,inherited from frozen RT_STABLE specification,1,TB6SMFFM,1,2010-01,2026-06,direct,unreviewed,,,rt_stable,,False,,,,,
97,TOTRESNS,direct,1,2010-01,2026-06,True,inherited from frozen RT_STABLE specification,1,TOTRESNS,6,2010-01,2026-06,direct,unreviewed,,,rt_stable,,False,,,,,
98,UEMP15OV,direct,1,2010-01,2026-06,True,inherited from frozen RT_STABLE specification,1,UEMP15OV,5,2010-01,2026-06,direct,unreviewed,,,rt_stable,,False,,,,,
99,UEMP15T26,direct,1,2010-01,2026-06,True,inherited from frozen RT_STABLE specification,1,UEMP15T26,5,2010-01,2026-06,direct,unreviewed,,,rt_stable,,False,,,,,
100,UEMP27OV,direct,1,2010-01,2026-06,True,inherited from frozen RT_STABLE specification,1,UEMP27OV,5,2010-01,2026-06,direct,unreviewed,,,rt_stable,,False,,,,,
101,UEMP5TO14,direct,1,2010-01,2026-06,True,inherited from frozen RT_STABLE specification,1,UEMP5TO14,5,2010-01,2026-06,direct,unreviewed,,,rt_stable,,False,,,,,
102,UEMPLT5,direct,1,2010-01,2026-06,True,inherited from frozen RT_STABLE specification,1,UEMPLT5,5,2010-01,2026-06,direct,unreviewed,,,rt_stable,,False,,,,,
103,UEMPMEAN,direct,1,2010-01,2026-06,True,inherited from frozen RT_STABLE specification,1,UEMPMEAN,2,2010-01,2026-06,direct,unreviewed,,,rt_stable,,False,,,,,
104,UNRATE,direct,1,2010-01,2026-06,True,inherited from frozen RT_STABLE specification,1,UNRATE,2,2010-01,2026-06,direct,unreviewed,,,rt_stable,,False,,,,,
105,USCONS,direct,1,2010-01,2026-06,True,inherited from frozen RT_STABLE specification,1,USCONS,5,2010-01,2026-06,direct,unreviewed,,,rt_stable,,False,,,,,
106,USFIRE,direct,1,2010-01,2026-06,True,inherited from frozen RT_STABLE specification,1,USFIRE,5,2010-01,2026-06,direct,unreviewed,,,rt_stable,,False,,,,,
107,USGOOD,direct,1,2010-01,2026-06,True,inherited from frozen RT_STABLE specification,1,USGOOD,5,2010-01,2026-06,direct,unreviewed,,,rt_stable,,False,,,,,
108,USGOVT,direct,1,2010-01,2026-06,True,inherited from frozen RT_STABLE specification,1,USGOVT,5,2010-01,2026-06,direct,unreviewed,,,rt_stable,,False,,,,,
109,USTPU,direct,1,2010-01,2026-06,True,inherited from frozen RT_STABLE specification,1,USTPU,5,2010-01,2026-06,direct,unreviewed,,,rt_stable,,False,,,,,
110,USTRADE,direct,1,2010-01,2026-06,True,inherited from frozen RT_STABLE specification,1,USTRADE,5,2010-01,2026-06,direct,unreviewed,,,rt_stable,,False,,,,,
111,USWTRADE,direct,1,2010-01,2026-06,True,inherited from frozen RT_STABLE specification,1,USWTRADE,5,2010-01,2026-06,direct,unreviewed,,,rt_stable,,False,,,,,
112,W875RX1,direct,1,2010-01,2026-06,True,inherited from frozen RT_STABLE specification,1,W875RX1,5,2010-01,2026-06,direct,unreviewed,,,rt_stable,,False,,,,,
113,MONETARY_BASE,switch_by_vintage,2,2010-01,2026-06,True,reviewed canonical source switch; subject to empirical transition audit,1,AMBSL,6,2010-01,2019-12,switch_by_vintage,official_successor,non_exact,2020-01,registry_review,Official FRED-MD replacement. AMBSL is the St. Louis Adjusted Monetary Base and is seasonally adjusted. It was discontinued in December 2019. BOGMBASE is the Board of Governors Monetary Base: Total and is not seasonally adjusted. Treat as a documented but non-exact successor relationship; do not assume numerical equivalence across the 2020-01 transition.,True,True,accept_with_break_note,Retain the official FRED-MD AMBSL-to-BOGMBASE transition. The relationship is non-exact because AMBSL is seasonally adjusted whereas BOGMBASE is not seasonally adjusted and the source/construction changes. C3 and C4 show weaker full-history direct comparability but substantially stronger near-transition comparability. AMBNS triangulation provides strong auxiliary support for BOGMBASE while confirming that seasonal-adjustment and construction differences contribute to the observed break. AMBNS remains auxiliary evidence and is not substituted for AMBSL as the historical FRED-MD predecessor.,EuMari,2026-09-06
113,MONETARY_BASE,switch_by_vintage,2,2010-01,2026-06,True,reviewed canonical source switch; subject to empirical transition audit,2,BOGMBASE,6,2020-01,2026-06,switch_by_vintage,official_successor,non_exact,2020-01,registry_review,"Official FRED-MD successor to AMBSL beginning with the 2020-01 vintage. BOGMBASE is published by the Board of Governors and is not seasonally adjusted, unlike AMBSL. Use the common MONETARY_BASE canonical concept with an explicit methodological break at the transition.",True,True,accept_with_break_note,Retain the official FRED-MD AMBSL-to-BOGMBASE transition. The relationship is non-exact because AMBSL is seasonally adjusted whereas BOGMBASE is not seasonally adjusted and the source/construction changes. C3 and C4 show weaker full-history direct comparability but substantially stronger near-transition comparability. AMBNS triangulation provides strong auxiliary support for BOGMBASE while confirming that seasonal-adjustment and construction differences contribute to the observed break. AMBNS remains auxiliary evidence and is not substituted for AMBSL as the historical FRED-MD predecessor.,EuMari,2026-09-06
114,PPI_FINISHED_CONSUMER_GOODS,switch_by_vintage,2,2010-01,2026-06,True,reviewed canonical source switch; subject to empirical transition audit,1,PPIFCG,6,2010-01,2016-02,switch_by_vintage,official_successor,non_exact,2016-03,registry_review,Old SOP finished-consumer-goods PPI. FRED and FRED-MD identify WPSFD49502 as the replacement. Non-exact SOP to FD-ID methodological transition.,True,True,accept_non_exact,"Accept the documented PPIFCG-to-WPSFD49502 successor mapping. C3 and full-overlap C4 diagnostics show very strong transformed comparability. Near-transition diagnostics show some localized divergence, consistent with a non-exact transition. The documented BLS change from Stage of Processing to Final Demand-Intermediate Demand aggregation warrants treating the mapping as a methodological successor rather than numerical identity.",EuMari,2026-09-06
114,PPI_FINISHED_CONSUMER_GOODS,switch_by_vintage,2,2010-01,2026-06,True,reviewed canonical source switch; subject to empirical transition audit,2,WPSFD49502,6,2016-03,2026-06,switch_by_vintage,official_successor,non_exact,2016-03,registry_review,FD-ID personal-consumption-goods replacement for PPIFCG. Treat canonical continuity as documented but non-exact.,True,True,accept_non_exact,"Accept the documented PPIFCG-to-WPSFD49502 successor mapping. C3 and full-overlap C4 diagnostics show very strong transformed comparability. Near-transition diagnostics show some localized divergence, consistent with a non-exact transition. The documented BLS change from Stage of Processing to Final Demand-Intermediate Demand aggregation warrants treating the mapping as a methodological successor rather than numerical identity.",EuMari,2026-09-06
115,PPI_FINISHED_GOODS,switch_by_vintage,2,2010-01,2026-06,True,reviewed canonical source switch; subject to empirical transition audit,1,PPIFGS,6,2010-01,2016-02,switch_by_vintage,official_successor,non_exact,2016-03,registry_review,Old BLS Stage of Processing finished-goods PPI. FRED and FRED-MD explicitly identify WPSFD49207 as its replacement. Treat as non-exact because BLS changed from SOP to FD-ID aggregation.,True,True,accept_non_exact,Accept the documented PPIFGS-to-WPSFD49207 successor mapping. C3 and full-overlap C4 diagnostics show very strong transformed comparability. Near-transition diagnostics are somewhat weaker than the full-history relationship but remain consistent with a documented non-exact continuation. The BLS SOP-to-FD-ID methodology change prevents treatment as an exact identity.,EuMari,2026-09-06
115,PPI_FINISHED_GOODS,switch_by_vintage,2,2010-01,2026-06,True,reviewed canonical source switch; subject to empirical transition audit,2,WPSFD49207,6,2016-03,2026-06,switch_by_vintage,official_successor,non_exact,2016-03,registry_review,"FD-ID replacement for PPIFGS. Monthly, seasonally adjusted, 1982=100. Canonical continuity is documented but non-exact because the BLS aggregation methodology changed.",True,True,accept_non_exact,Accept the documented PPIFGS-to-WPSFD49207 successor mapping. C3 and full-overlap C4 diagnostics show very strong transformed comparability. Near-transition diagnostics are somewhat weaker than the full-history relationship but remain consistent with a documented non-exact continuation. The BLS SOP-to-FD-ID methodology change prevents treatment as an exact identity.,EuMari,2026-09-06
116,PPI_PROCESSED_INTERMEDIATE_GOODS,switch_by_vintage,2,2010-01,2026-06,True,reviewed canonical source switch; subject to empirical transition audit,1,PPIITM,6,2010-01,2016-02,switch_by_vintage,official_successor,non_exact,2016-03,registry_review,Old SOP intermediate-materials PPI. FRED and FRED-MD identify WPSID61 as its replacement. Non-exact SOP to FD-ID methodological transition.,True,True,accept_non_exact,"Accept the documented PPIITM-to-WPSID61 successor mapping. C3, full-overlap C4 and near-transition diagnostics support strong transformed comparability. The BLS SOP-to-FD-ID aggregation change is a genuine methodological difference, so the continuation is accepted as non-exact.",EuMari,2026-09-06
116,PPI_PROCESSED_INTERMEDIATE_GOODS,switch_by_vintage,2,2010-01,2026-06,True,reviewed canonical source switch; subject to empirical transition audit,2,WPSID61,6,2016-03,2026-06,switch_by_vintage,official_successor,non_exact,2016-03,registry_review,FD-ID processed-goods-for-intermediate-demand replacement for PPIITM. Canonical continuity is non-exact.,True,True,accept_non_exact,"Accept the documented PPIITM-to-WPSID61 successor mapping. C3, full-overlap C4 and near-transition diagnostics support strong transformed comparability. The BLS SOP-to-FD-ID aggregation change is a genuine methodological difference, so the continuation is accepted as non-exact.",EuMari,2026-09-06
117,PPI_UNPROCESSED_INTERMEDIATE_GOODS,switch_by_vintage,2,2010-01,2026-06,True,reviewed canonical source switch; subject to empirical transition audit,1,PPICRM,6,2010-01,2016-02,switch_by_vintage,official_successor,non_exact,2016-03,registry_review,Old SOP crude-materials-for-further-processing PPI. FRED and FRED-MD identify WPSID62 as its replacement. Non-exact SOP to FD-ID methodological transition.,True,True,accept_non_exact,"Accept the documented PPICRM-to-WPSID62 successor mapping. C3, full-overlap C4 and near-transition diagnostics provide very strong support for continuity in transformed space. The BLS SOP-to-FD-ID aggregation change remains a methodological difference, so the relationship is classified as non-exact.",EuMari,2026-09-06
117,PPI_UNPROCESSED_INTERMEDIATE_GOODS,switch_by_vintage,2,2010-01,2026-06,True,reviewed canonical source switch; subject to empirical transition audit,2,WPSID62,6,2016-03,2026-06,switch_by_vintage,official_successor,non_exact,2016-03,registry_review,FD-ID unprocessed-goods-for-intermediate-demand replacement for PPICRM. Canonical continuity is non-exact.,True,True,accept_non_exact,"Accept the documented PPICRM-to-WPSID62 successor mapping. C3, full-overlap C4 and near-transition diagnostics provide very strong support for continuity in transformed space. The BLS SOP-to-FD-ID aggregation change remains a methodological difference, so the relationship is classified as non-exact.",EuMari,2026-09-06
118,TRADE_WEIGHTED_USD_ADVANCED_ECONOMIES,switch_by_vintage,2,2010-01,2026-06,True,reviewed canonical source switch; subject to empirical transition audit,1,TWEXMMTH,5,2010-01,2020-03,switch_by_vintage,official_successor,non_exact,2020-04,registry_review,Discontinued Nominal Major Currencies U.S. Dollar Index. FRED identifies TWEXAFEGSMTH as its suggested substitute. FRED-MD replaced it with the constructed TWEXAFEGSMTHx series beginning 2020-04.,True,True,accept_non_exact,"Accept the documented FRED-MD TWEXMMTH-to-TWEXAFEGSMTHx splice. C3, full-overlap C4 and near-transition diagnostics show exceptionally strong transformed continuity. The relationship is nevertheless non-exact because FRED-MD constructs the x series by splicing/rebasing the old and revised Federal Reserve dollar indexes, whose weighting methodology, composition and index base changed.",EuMari,2026-09-06
118,TRADE_WEIGHTED_USD_ADVANCED_ECONOMIES,switch_by_vintage,2,2010-01,2026-06,True,reviewed canonical source switch; subject to empirical transition audit,2,TWEXAFEGSMTHx,5,2020-04,2026-06,switch_by_vintage,official_successor,non_exact,2020-04,registry_review,FRED-MD constructed series obtained by splicing rebased TWEXMMTH and TWEXAFEGSMTH. The URL refers to the underlying FRED TWEXAFEGSMTH series; TWEXAFEGSMTHx itself is the FRED-MD constructed version.,True,True,accept_non_exact,"Accept the documented FRED-MD TWEXMMTH-to-TWEXAFEGSMTHx splice. C3, full-overlap C4 and near-transition diagnostics show exceptionally strong transformed continuity. The relationship is nevertheless non-exact because FRED-MD constructs the x series by splicing/rebasing the old and revised Federal Reserve dollar indexes, whose weighting methodology, composition and index base changed.",EuMari,2026-09-06
